,followers_name
0,tkersey
1,njonsson
2,bangpound
3,vincentkoc
4,Rud5G
5,mlsj1
6,syug
7,varungupta
8,esneko
9,neopunisher
10,jazzwang
11,begoon
12,fly51fly
13,fallenpegasus
14,fribeiro1
15,brase
16,chchrist
17,massimoselvi
18,ScottJWalter
19,mikeputnam
20,adeelahmad
21,mindcrime
22,informaticadiaz
23,MarceloNascimento
24,skowronek
25,dsoul
26,dmsbilas
27,thimslugga
28,leecardona
29,threecups
30,shyuan
31,nara
32,dning1
33,openam
34,semsphy
35,DaemonCahill
36,Cambera
37,riyadparvez
38,nattfodd
39,mitaka
40,ZhangYunfang
41,temosy
42,threadstonesecure
43,manuelhunziker
44,ambagasdowa
45,daball
46,pedro-lima
47,alexharvey
48,josh-fisher
49,subidit
50,pdevenraj
51,jtmoon79
52,nerandell
53,raghuboosetty
54,tdmalone
55,34code
56,burib
57,whn09
58,bobbyearl
59,figpope
60,alishir
61,ahlfors
62,bsrz
63,mailmahee
64,mihkels
65,daefresh
66,dofstar
67,codee
68,LisaDelaney
69,EdZava
70,pmanolak
71,kistasi
72,tariqwest
73,jonnynut
74,afelicioni
75,firebitsbr
76,glaucodiogo
77,gunkaragoz
78,manjunathd
79,afonsoalban
80,ewnd9
81,rsaa
82,hvn0413
83,duxing2007
84,ste93cry
85,terran1942
86,jloiola
87,itanoss
88,anujku
89,thesobercoder
90,bygbyron3
91,rickymaciel
92,KevinGimbel
93,d-shimizu
94,zsp0817
95,konamo
96,voldyman
97,golf-x
98,alexjennings
99,Spinfusor
100,xiupitter
101,somaditya
102,apjowen
103,usui-tk
104,onenonlycasper
105,dengqixing
106,Davi-He
107,godsoul
108,kumar-nitish
109,toku345
110,snoop0x7b
111,PandaBlessing
112,andyuls
113,juanjoruiz2109
114,mangualero
115,haydenthai
116,yannickboog
117,proverbs53
118,Rajivhost
119,universewrld
120,dpapageo
121,HJiefeng
122,larsfi
123,kkpan11
124,plumcube
125,magigo
126,ahmadfaizalbh
127,flukebox
128,jakebrinkmann
129,simar1998
130,CheeseTurtle
131,AAbasinejad
132,virtuoushub
133,huamichaelchen
134,mumblepins
135,b3nkos
136,bretdarby
137,srinitude
138,the-watchmaker
139,codinggooner
140,kimpenguin
141,pthbinh92
142,mychen-ustc
143,weisberg
144,ace-coder
145,infinitedreams9586
146,tusharsoni08
147,hoansgithub
148,ritesh-singh
149,schallerala
150,alexxyjiang
151,XiaomingX
152,star-fx
153,amavlyanov
154,garciparedes
155,keshabb
156,denu5
157,mcybulski
158,o-kakade
159,designisaverb
160,s0nlxaftrsh0ck
161,jamezrin
162,asadhaye
163,darasat
164,mklemann-com
165,nikkidada
166,tiloyi
167,roykalony
168,zhangxiangdong
169,thomasdalbert
170,LavenderDaisy
171,edisona
172,Steven-Acomb
173,kevcooper
174,jodavaho
175,side9show
176,teeksingh
177,kevingrondin
178,koyashiro
179,devikirang
180,unlitdev
181,well1791
182,mleziva
183,ajian005
184,ykaidashov
185,ankur-gupta
186,Malacarne
187,anand-b
188,stdexception
189,MatterhornProject
190,tolgabuyuktanir
191,cash2059
192,rajabalaji-mp
193,anobil
194,radiochickenwax
195,vedamj01
196,cocavo
197,jafferlin
198,yixiuhua
199,rodazuero
200,JustCallMe-AK
201,henriquerick
202,JoeyCai
203,Wyvernslay3r
204,gabrlyg
205,paulosiciliano
206,martinvaldivia
207,rdczhby
208,mys328
209,billykwok
210,andrey-berenda
211,sinhang
212,Pal3love
213,Lakshmiaddepalli
214,mohamed-abdelsattar92
215,rawer886
216,junhong202
217,thanhcsf
218,junaid109
219,arpitgo4
220,roykhoury
221,bafeiyu
222,Ylmzef
223,everXu
224,anlexN
225,Janujan
226,fwblcz
227,elaineleung
228,djinl520
229,protyay
230,selfishprimate
231,Mwalthery
232,GregAllenSmith
233,zgover
234,avestura
235,aspindle
236,pqrsooo
237,evanshrestha
238,bos-hieu
239,hanautoparts4u
240,sonimonish00
241,ljesparis
242,imvikramn
243,massivelivefun
244,garrettrh
245,adanone
246,ghishadow
247,shower1986
248,mseld
249,JasonYe88
250,seshurajup
251,xiaopizi19
252,pelamlio
253,Asavarkhul
254,ajay340
255,custadian
256,KlwntSingh
257,FelixFeliciant
258,learnerzhang
259,gamedebug
260,jonathanarodr
261,baboooin
262,osama-ahmed
263,nir-zilberman
264,changyongyong
265,bigDP
266,WajahatSiddiqui
267,markjohnlucas
268,Vaibhav
269,manavchoudhary
270,mrcharlierace
271,nikolaospapachristou
272,CallmeTorre
273,jcarlos001
274,vslala
275,peterjlay
276,Ngel-Castro
277,rilek
278,dawei-wang
279,GeoSkiis
280,DominikHorn
281,bptorao
282,JeffUssing
283,edstgo
284,yxblee
285,barisates
286,ankkrish
287,pratickRoy
288,pereirakadu
289,justinsamuel92
290,ryanulep
291,dotsnangles
292,609151318
293,RyanAugust
294,dbarrington
295,knhnd
296,akari0624
297,noid11
298,ioing
299,AruulmozhivarmanS
300,Tusharjagi
301,ivaylo-yordanov
302,rramirez0203
303,emullaraj
304,theranajayant
305,jkjavier
306,mcguegi
307,nbhirud
308,fischerleon
309,UmutSERIFLER
310,zhu0823
311,Joe192168
312,SanHacks
313,LindaHaviv
314,ball582
315,dmitrykrisko
316,qmajid
317,we1l1n
318,jhhe66
319,thangnm93
320,NikhilRyan
321,dongzhuoyao
322,chenzilu1990
323,jason1004
324,xuelangqingkong
325,godobyte
326,chanffdavid
327,anomaly-88
328,undabah
329,aymenbelarbi
330,ashish936
331,giotramu
332,0xlkda
333,guilhermebc
334,SMBgurus
335,brentclay
336,mate-h
337,artur-sak13
338,yorshreynoso
339,yehuizhang
340,rubenca01
341,AAdewunmi
342,balao7
343,flaviopavim
344,Zenidog8
345,aiwongs
346,devcang
347,kalsyanpradeep
348,charaton
349,jadanah
350,vonzou
351,jaymahfudy
352,maxsxu
353,keita-hino
354,KyuDounSim
355,depers
356,Anirudh257
357,jmartins-sh
358,satyarajreddy
359,Prithvish04
360,AnsonHwang86
361,xzm2004260
362,anirudhbagri
363,STCYC
364,rsmelo92
365,Cybercommanders
366,StrangerCoug
367,keren123
368,paraskevasleivadaros
369,Grimgog
370,noodanee
371,alobe
372,zhuzixian520
373,JadeCong
374,VitorSouza7512
375,ProfessionalBoatDrifter
376,dancause
377,ltlwill
378,graceko22
379,paletode
380,Timotej979
381,erenaslandev
382,victordrulis
383,serhiiklenachov
384,camerondurham
385,khanhhuy288
386,gstair
387,wwfyde
388,hotsticker
389,ningfc
390,RishabhKr97
391,jiangoz
392,ardasatata
393,Murplugg
394,tanvirstreame
395,kworkbee
396,arnab-ray
397,yuriykuntsyak
398,StarDustTwinkle
399,bahadirsahin
400,SMSesay
401,jamestiotio
402,anuj97
403,yaelBrown
404,motmaytinh
405,desaidn
406,NoxGamingQC
407,aravinthakannan
408,lingjiekong
409,diohsb
410,janviyao
411,hijiki51
412,mksarge
413,pradeepkni382
414,rdnasim
415,shrinidhibarthur
416,StrangeKnowledgeIncresed
417,canering
418,Austin47
419,shokriw
420,franklin-monreal
421,xxh031203
422,dororoholic
423,chipro
424,lossfunc
425,loumalouomega
426,james-sungjae-lee
427,garyhtou
428,d3v2null
429,msweetland
430,wrslatz
431,alfaisal7313
432,jrjm1111
433,mitutitu16
434,ShuhaoZQGG
435,akashsathyan
436,sushant-joshi
437,chrisskhoury
438,djvelimir
439,jeremychauvet
440,alxporto
441,riturajDas
442,Logicus03
443,chinchillajared
444,isabelchaves
445,shikharsaxena98
446,flukelaster
447,rjuer
448,mussieh
449,pawa2007
450,lintsai
451,6thpath
452,CodeWithNJ
453,rockychang7
454,hanwgyu
455,wudangqibujie
456,DihanDai
457,drewfrost
458,bixo-d
459,MUmarJaved
460,contimatteo
461,amaankulshreshtha
462,surajsahani
463,hackenbacker
464,petronem
465,my1795
466,Pzoom522
467,SpeicherA
468,nityansuman
469,akbarboghani
470,hahacyd
471,renyang1
472,wangtiechuan
473,lynmison
474,linshan-ma
475,EngineerMichael
476,anaghkanungo7
477,RickyC0626
478,WladFrazao
479,Ming0217
480,caesar-one
481,rayxwu
482,xuepengwei
483,Ishanna
484,pavankalyan-nvs
485,JoeRMiller
486,luwen193
487,devStarscream
488,nkn6294live
489,FanJups
490,ShwetaShivangi
491,amwi04
492,mnk400
493,pd14196
494,samirdjelal
495,tychodev321
496,TheFJS14
497,Baleryom
498,caitinc
499,almokhtarbr
500,andreacip
501,alexanderafanasov
502,duranbe
503,thapaashis110
504,soccernut
505,mdobro1
506,royswale
507,saneknight
508,AnhTrieu
509,janmarkuslanger
510,morinyan
511,gujiacun
512,adileone
513,BIGChask
514,mapjx
515,fuhaoma
516,DXLZ
517,nuffQuantumSayd
518,nfedtech
519,kekemao00
520,lamsd
521,anuq
522,igorasantos
523,metaphor0
524,iashutoshtiwari
525,yaravi
526,skippermin
527,masakiasami
528,gurtejrehal
529,huannvttd98
530,SantosCristiano
531,thatbeautifuldream
532,happyqq
533,iameduardod
534,wuchunfu
535,venkate5hgunda
536,NousheenAnwar
537,whuhxb
538,ks1990cn
539,ronnielutaro
540,samutich
541,jongan69
542,nmoisess
543,kayericson
544,tjolr
545,LuGO0
546,rishikavikondala
547,lodhik9
548,cultivate5253
549,elafifi
550,akazyti
551,boomer2752
552,Luccasoli
553,benmassaoud
554,abheesht17
555,ShrivatsAgrawal
556,farhan-2202
557,HebaElGalad
558,himanshututeja1998
559,sevenhqj
560,AsadAmir111
561,CWHer
562,Pei1133
563,proKress
564,SamuelMaculuve
565,pasenchenko
566,jinjidong
567,eemailme
568,Nikronic
569,Razdeep
570,jkh920184196
571,jimbrig
572,FenTheDev
573,Dxdzy86
574,ThaoNhienNguyen-Erika
575,chunkSpadunk
576,patrick22414
577,diguapao
578,pseshadri9
579,Jiahuan-Pei
580,AdityaSoni17
581,shelthack
582,dykderrick
583,johngunerli
584,aijls
585,akashmdkml
586,Menotron
587,smustafa75
588,nanaboat1
589,eshack94
590,S-Swaroop
591,HellCat1024
592,Karim-53
593,EthanC-8
594,nitinnbisht
595,ericpark123
596,Matheus-ESW
597,allenduchaoyuan
598,Yulv-git
599,hexolan
600,moqsien
601,MilleniumSpark
602,sagsango
603,Programador89
604,robertgro
605,JasonMoon95
606,limeng92
607,raashidanwar
608,jackpan123
609,bshreddy
610,TsukasaSeto
611,almiracioly
612,PallaviVarandani
613,alvinlal
614,Rookl
615,awabasher
616,Katsukiniwa
617,huuquyet
618,PMcTwist
619,hqng
620,MahaboobDanish
621,rkv0id
622,MadeInLondon
623,SimonVonXCVII
624,sigsant
625,celikgokhun
626,shiva0612
627,rroohit
628,jk4freedom
629,kyamashiro
630,LasVegasBilly
631,Turbocaspal
632,davnunes
633,afondiel
634,johnnyrtrentin
635,stnorbi
636,stacyrymer86
637,zero-null
638,jh9875
639,eduardoteles17
640,GITWHB
641,devinkg
642,ricardosuman
643,mencarellic
644,GitbitGit
645,rabbithophop
646,ftf1218
647,hirawatt
648,adilet-saken
649,marcomamprin
650,Thejuskbenny
651,TomasDavidYe
652,nanaxumu
653,adyilam
654,GabrielFerrante
655,13995595007
656,tinahuang222
657,edgaramirbekian
658,Bhavuk-Garg
659,Mzon2857
660,thiagomares
661,skleee
662,mjsheikh
663,anishamalde
664,easy147
665,TeddyCom1
666,prabhumns
667,VSXV
668,HyunjunA
669,harishravi121
670,Habib16051
671,iamharvey
672,rahul-zomato
673,ricardopra
674,avanishvyas
675,inframarauder
676,YjqZhouxiao
677,adhamsalama
678,LuoTailong
679,AtaraxiaZ
680,hyanzhang
681,sovansambath-phann
682,rkej
683,jinshuye
684,ibn-khafagah
685,kartikeytewari
686,md-arfin-cse
687,johncruyff14
688,johan-lab
689,ambanerjee
690,bzamith
691,deviknitkkr
692,Abirul
693,ranefattesingh
694,nesakobi
695,rafaelgustavofurlan
696,yungwarlock
697,hunghg255
698,matoszz
699,andrewdge
700,RobertConde
701,rksamu
702,hartl3y94
703,ramitkataria
704,saarthdeshpande
705,hxinn
706,leechenze
707,Dexterzprotege
708,alan713
709,sandrawilczynski
710,ManojTGN
711,Debarshi95
712,gauharayub
713,GowthamSk1
714,PolyTroid
715,middas-0706
716,seanwynwins
717,WendyYanto
718,sangamesh-kodge
719,claudsonbarros
720,yotamnahum
721,huiminlim
722,sumukhteja
723,JankinTian
724,Pcharlot13
725,djmcclary
726,theroyakash
727,sadoreko
728,billsenxu
729,MarcoSantonastasi
730,joanB0ix
731,grg124
732,cheungfujai
733,amadsalmon
734,infinitepower18
735,ashr4f1arr2ad
736,akbarabdul80
737,rgdyy
738,shayanekat
739,fellipematos
740,Disciple0fMarx
741,VE5ETA
742,KlinKlinKlin
743,ishu-thakur
744,brijeshbhalodiya
745,zaaakher
746,XRLZX8
747,soumyadbanik
748,zhnzhang
749,yhf98
750,xjhofernandes
751,gauravagrwal
752,torys877
753,juanca-jimi
754,mapy1874
755,JohnDNC
756,zeelsheladiya
757,ImKunYoung
758,EduardHov
759,kamelbendi
760,mitchell-cheng
761,Soumil-Bhattacharya
762,mahmoud-elghonemy
763,johnmccants002
764,samedsemihs
765,jupdec
766,moramadan98
767,aymandarwish
768,porum
769,HongLouyemeng
770,maniac1122
771,Sambit650
772,haja-fgabriel
773,kohring
774,okonri
775,paulohenz
776,leopoldoH
777,cnhuz
778,liltommy1dev
779,Wwillers
780,owini
781,amirmojarad
782,RichardZj
783,hellomikko
784,MarcoSteinke
785,yanquanfahei
786,acox216
787,smy1999
788,switcombe
789,anujchoudhary-17
790,mazrean
791,XrosLiang
792,994Simone
793,matheussooares
794,Mystic-77
795,bruno-aires
796,Jirigesi
797,PerfectYellow
798,imokhtar
799,GvHarish9894
800,ArthurAnastopulos
801,w3dg
802,guilefoylegaurav
803,denmj
804,burakaktna
805,frankxzAmazon
806,ericwidjaja
807,mirfanaslam
808,nayeonshin
809,danieloliveira01
810,xiaozhiob
811,u-yas
812,smelouah
813,icqmula
814,ndagan
815,dmascheck
816,Abhirajnow
817,sanjuchandra
818,sadiqshaik123
819,cccaimingjian
820,anurag01a
821,masrafi115
822,Liebmann5
823,sm-heard
824,Abhijrathod
825,leonardoknakagawa
826,agastaldellomaccomit
827,steffiypx
828,AdnanAaddi
829,MaxDeveloper16
830,hchen19
831,leonardofhy
832,tenpa007
833,gtrman97
834,clay-curry
835,MuffinAmor
836,amiranbari
837,Natur3-Boy
838,rushilenekar20
839,soma2000-lang
840,jin-sungdae
841,quantdevv
842,Ayush-Pujari-07
843,songziqwq
844,goillotc
845,2019-GitHub-Chu
846,Tarsisnbs
847,dylenchang
848,chinkin707
849,azwpayne
850,fabianozonta
851,frankporco
852,surajongithub1986
853,adithya1010
854,sametcn99
855,HUNG-rushb
856,Aditya-Khemka
857,tamilvanan-b
858,chanwoo00106
859,FrankQixiangGao
860,WonJoongLee
861,alikemalozgumus
862,Codesmaster-lab
863,gwd666
864,dhanrajswami
865,Supriyo8799
866,Maher-RJ
867,Dajun-2019
868,0xa3k5
869,LuanGomes12
870,stevenrsewell
871,Symon629
872,martintaylor1635
873,kranti2201
874,prad-j
875,jaquespavan
876,nholuongut
877,huiyouyou
878,vignesh5535
879,huai-jie
880,bipin0x01
881,chrichri17
882,GessioMori
883,TylerMamrot
884,danmslamt
885,Pecorari
886,1MuhammadFarhanAslam
887,br8km
888,najmehn00
889,Uplift-0508
890,samtimur
891,ajmalbinnizam
892,TatsuyaNakagoshi
893,jigordev
894,NonymousMorlock
895,EfeAcar6431
896,akinfelami
897,Yongxi-Zhou
898,avstreamdevpro
899,kqiq
900,NaoyaTatetsu
901,mijung-in-11st
902,simonjgr
903,osman-nazir
904,Vigneshkumar212
905,mrwanggang-crazy
906,BraeSleepn
907,avadhutjc
908,MLHaddon
909,Capital-SetMawHtay
910,sumairq
911,jcork4real
912,samr874
913,aditya-repos
914,spencerlepine
915,calbergs
916,yusuke-z
917,Yuri-Mendes
918,jimmysmits
919,Drag0nf1y
920,JohnDoll2023
921,Saipraneeth99
922,santoshlite
923,vinodpatildev
924,leejoonhun
925,mmhamdy
926,lorenonzi
927,baisedongtian
928,arqam365
929,hiyyg
930,zustems
931,VitorAkira-me
932,Jesus-Retr0
933,solfonte
934,PrideStudio
935,DevOps920719
936,Matt-Bulk
937,xiao-cy
938,meijihatakeyama
939,galichy79
940,thefaheemkhan
941,Flaiers
942,HenriqueFurtado-Dev
943,Derokkk
944,Shahna-C
945,chosungmann
946,grahamwaters
947,deezeddd
948,jaymepsantos
949,mohamedhabibwork
950,Rayane-Aboud
951,hueiwhfa
952,anurag1504t
953,rudra-code-creator
954,rajveer43
955,Kushan2k
956,Thilak-KN
957,Tiger15cub
958,AesisGit
959,rafaelporfiriobarros
960,OBud75
961,yosefkiros
962,benzebra
963,HamdanAr
964,ralintuscano
965,rhattox
966,FurkanEdizkan
967,Tyalor
968,SegaGLm
969,celso-na-teixeira
970,nilesh05apr
971,EM51641
972,seanpm2001
973,thiagomendonca-eu
974,rainmana
975,dylanhood
976,chris0765
977,JohnPPinto
978,Pquar
979,oss-mad
980,TrNgTien
981,Mindula-Dilthushan
982,AHANCIT
983,sebaminaya0
984,Julieta7312
985,d-t-n
986,vinoth-techie
987,rbuchmann77
988,Rameshraj55
989,SeifEldinMohamed
990,SteCC
991,daniel-dqsdatalabs
992,JoseRicardoPE
993,PhumyJS
994,yuyingjun0922
995,shakhzodtojiev
996,ShabbirHasan1
997,klkuoguru
998,ggopal13
999,angeloS-98
1000,yagikota
1001,DougRog
1002,ipez98
1003,litingyes
1004,buddy1276
1005,rdbender
1006,balajiCubie
1007,uivid64
1008,deevanshu-k
1009,linquint
1010,pjiang15
1011,jeanhackpy
1012,PhaedrusFlow
1013,nguyen-duy-tan
1014,Tpeach9474
1015,KennyOliver
1016,ronnieangeles
1017,Lucas-sudo-dev
1018,mahmud0v
1019,carnate-tech
1020,AldairAvelino
1021,mertkilix
1022,Ghost1386
1023,asmnajmussakibkhan
1024,IgorNatann
1025,harshitclub
1026,ketanxos
1027,istellaliu
1028,QuantumBoy1010
1029,polygonnedpotato
1030,MadushanNimantha
1031,Choikyudong
1032,Harshi-itaSinha
1033,anthowest
1034,emiltervo
1035,gustavoturin
1036,mohd-salem
1037,Infisrael
1038,bjin0822
1039,MateSousa
1040,marcelozepeunam
1041,canyoldas0
1042,erfuun
1043,madcitymultimedia
1044,arunavabasucom
1045,JonathanCristovao
1046,ugke
1047,Gustavo-Murdiga88
1048,uk-2
1049,Jiyu-Kim
1050,aadarsh-af
1051,karthikmurakonda
1052,fantastic0206
1053,littlelionly
1054,thunder-007
1055,Rahulengineer-spec
1056,ibarraz5
1057,vidda5
1058,AndreiMariciuc
1059,tatvil
1060,michelececcacci
1061,nabeelnoor
1062,sherlcok314159
1063,mist1024
1064,elerner42
1065,vedantraval2310
1066,juliana-silva-hub
1067,mrrushikeshdaund
1068,sudongyuer
1069,LlandspitRunzingf
1070,jianan1104
1071,Westsi
1072,AnmolVerma404
1073,JoseLopezSolis
1074,Ashish0898
1075,muratali016
1076,ozancck
1077,farinaceos
1078,zamoosh
1079,KISHORE-KUMAR-S
1080,anadeem2
1081,VincentIhab
1082,natdosan
1083,ManojJ07
1084,strymon94
1085,VictorSordi
1086,cx63cc
1087,riadelimemmedov
1088,ForBai
1089,David7ce
1090,EduardoCorazon
1091,aoshenx
1092,DamonAustin
1093,b1shtream
1094,sozelfist
1095,itsRealEllis
1096,weiliw-amz
1097,llllllilllilliii
1098,VenuGarlapati26
1099,samliu90
1100,gerald924
1101,FukazawaKazushi
1102,TheTrueKen
1103,TakahirosGithub
1104,StephenOravec
1105,sccvn
1106,yaroslav-honchar
1107,sbdeveloper90
1108,BilgeBalga
1109,loupprodi
1110,shirushi-dev
1111,Samruddhi362
1112,lettymoon
1113,clearljn
1114,jiaweicai92
1115,Mairobinsky
1116,pritamkpratihari
1117,HenryDV
1118,uDanielBispo
1119,federicoreppucci-deliveroo
1120,buiquangthanhcode
1121,Jibe7
1122,MJ-Tech-H
1123,KendallDoesCoding
1124,Shrey-Srivastava21
1125,niravpi
1126,Itisjigar
1127,piyusagr
1128,junzmint
1129,enricoasc
1130,rakshit782
1131,PoojithaIrosha
1132,adnene-guessoum
1133,Yajie-Zhang
1134,huseyingirgin-eva
1135,script-lab
1136,ccampa896
1137,Nandita-SB123
1138,protechq88
1139,poojasundar15
1140,me-deshpande
1141,Ahmedhamza1232001
1142,nurullah-arican
1143,ariyandevanand
1144,ishika1501
1145,mdzaberalhamid
1146,MuziZwane
1147,ahamedrujhan
1148,batz-gg
1149,jmoore78
1150,saitejar110507
1151,ekaterina4952
1152,KalvenDebig
1153,kumartul
1154,eaxoy
1155,charan11sv
1156,YoliswaD
1157,frankpengau
1158,wanjanhasan
1159,Phillipe-Hugo
1160,Hoanganhvu123
1161,ndnan
1162,MarshallOkafor
1163,NickMezacapa
1164,fedebayer
1165,xwillxu
1166,danielaiyuan
1167,tkm9602
1168,NavratanPatel
1169,Paarasjoshi
1170,Tahsin411934
1171,Samruddhiiii
1172,fvarghese99
1173,rediahmds
1174,nishantb06
1175,Louuuaiii
1176,FelipeFama
1177,marcusPrado02
1178,Arshu200
1179,josephmartinmoran
1180,AndreCoutinhom
1181,natamartins
1182,techlobster
1183,elcnu986
1184,sssamm29
1185,NChub
1186,techprogo
1187,mgaspirc
1188,SarfarajRahmn
1189,Aniketchaudhary16
1190,JeromeXapix
1191,ClaudiaA18
1192,stoicsapien1
1193,ElizabethJoseph25
1194,dfordp
1195,Manbendra2014
1196,Saleheddin
1197,enVId-tech
1198,heshara2000
1199,Saba42V
1200,Shahid6289
1201,henry-vipnet360
1202,jsSmash
1203,thrashghost
1204,prejin2310
1205,alismask
1206,rodrigommar
1207,Sudhanva-Nadiger
1208,FelipeBNascimento
1209,ethangtkt
1210,mb4m1
1211,Lucas1114
1212,puppsupr
1213,neox-d
1214,naji0329
1215,SuperSmile0109
1216,Giasinit
1217,apella1
1218,0laday0
1219,pannacottaaaa
1220,mars-aria
1221,RichardMulambuzi
1222,RYANFRANKLIN237
1223,shfjdgadg
1224,Thund3rHawk
1225,LaughingJackalope
1226,ygill-bsci
1227,isaacbrendel
1228,Avidlearner001
1229,zagui-master
1230,Ganesh972
1231,marupon3910
1232,Fuko-Ibuki
1233,supbrice
1234,black-mold
1235,BrunoGr0883
1236,tomgangwang
1237,emmyoh
1238,alxnjalex
1239,molochnyh
1240,leonardonakagawa
1241,chkp-bryans
1242,hgnzheng
1243,itsagurin
1244,sghost13
1245,SpikyWU7
1246,shashank-mishra14
1247,missAnneThorpe
1248,KoolSoul
1249,Naveen2334
1250,IAMPARSI
1251,LeonMS123
1252,HarshitC-27
1253,nosh09
1254,Angie-Zhang
1255,skycomestatus
1256,Vladdstian
1257,satayuji
1258,HJPandey
1259,ryanherd
1260,AmineLemsih
1261,gremsyQuanLe
1262,LKChigumadzi
1263,Kenaaaaaa
1264,koray-aydin
1265,lchen104
1266,louisphihaihoang
1267,RahulDubey391
1268,SnKToR
1269,Rupesh510
1270,vatsal-30
1271,akshit2257
1272,pppppyamaP
1273,Rajesh562020
1274,Trik01
1275,zahidhussain998
1276,hemsridh
1277,Vijay3725
1278,DDDavey
1279,adoussal
1280,iopebiel
1281,lowep
1282,yolo102938
1283,FlawlessCasual17
1284,dhineshprabakaran
1285,qdclub
1286,asimpson0000
1287,dmytrochumakov
1288,thatme12
1289,JaRLenZhang
1290,The-code-is-secret
1291,jeremyw-dobeu
1292,christine-sandbox
1293,Comosaycomosah
1294,maxrathmann
1295,AaronSMathew
1296,FIDEL7Z
1297,rohit250799
1298,MirboboyevJasurjan
1299,General-MP
1300,lucasaraujodev
1301,vishaal3301
1302,aka5050
1303,truemanstock
1304,tori-ham
1305,wanshiyule
1306,dubytang
1307,jasonthedataguy
1308,AContesini
1309,julianomolinari
1310,Ponthezs
1311,xMxrgan
1312,akhmadmamirov
1313,ParagDD
1314,bourbakiN97
1315,Myceliose
1316,mil2tech
1317,menawi
1318,ad0niram
1319,chrisgomad
1320,looooooooy
1321,ayitharevanth
1322,Ashishh0007
1323,seespike
1324,ropdias
1325,penguinpottery
1326,crr-bbai
1327,ComprehensiveAmoeba
1328,RohithTurlapati
1329,andedavd
1330,WLHQ
1331,manuelortizus
1332,aibolu
1333,MaxBryne
1334,Frisek
1335,shanenichols-channeladvisor
1336,mircoisendu
1337,soriqoo
1338,doy209
1339,ThecoderPinar
1340,romans1234
1341,silviana-hs
1342,risingcurve
1343,rigvedp97
1344,sahanediriweera
1345,Raghavendra-Yadav
1346,jcf170030
1347,vladelets-vselennoy
1348,ThomasCode92
1349,paulaPSOx
1350,Pranav-raja
1351,rsenthur
1352,xmartinsbr
1353,DhrubajyotiBiswasfounderofDribll
1354,alpharomercoma
1355,JulienCamp
1356,ryan-w-roche
1357,montyma-amazon
1358,BryantVencil
1359,Vasco-Arts
1360,YgorAlcantara
1361,akshaygp18
1362,AgentofPhoenix
1363,JapnoorHere
1364,Zaka123456
1365,Pulimi1991
1366,modabossymaxk
1367,gurawliprakhar
1368,TheNicCraft25
1369,xingole
1370,Janxxxx
1371,chukstochi
1372,srdegbe
1373,chuzairnisar425
1374,IzaacCoding36
1375,Emzie2212
1376,chacin04
1377,pushkarcode
1378,bbazwalt
1379,astuteIsrael
1380,zhaoyumin2022
1381,Calum09
1382,mshtorache
1383,anbinh93
1384,TN-Junior
1385,Itzkuldeep444
1386,rafaelgandis
1387,iamchiranjeebpanda01
1388,gsoni1
1389,aniruddhawathare
1390,Qianru69
1391,samiamorshed
1392,mrlizhaozhi
1393,chris6090
1394,soorajaryan007
1395,IKashCode
1396,Anmol5519
1397,krishnaghugare
1398,fernandobraz88
1399,bhargavbijjam
1400,Lucasqrz1
1401,sachin21t
1402,RomDev7
1403,doski22
1404,allaboutevemirolive
1405,hongbo-wei
1406,mdhumairraza
1407,Laindrion
1408,kdelcampo13
1409,Hoppeful
1410,vaddikeshavareddy
1411,MahdiCodee
1412,DonzerHD
1413,darenj456
1414,coder-nian
1415,shubmanh
1416,kybex11
1417,VasanthamHimaanshu
1418,luizvulpi
1419,SvipWangyh
1420,innocentc
1421,gtamaral
1422,1jana0
1423,beyzaaydogan01
1424,ardattoprak
1425,Armkas
1426,weeeam
1427,mgtian03
1428,Vincent-Y5
1429,GuilhermeeCustodio
1430,rajwadejii
1431,carlosgomezi
1432,fevziismailsahin
1433,Prateek-Wayne
1434,1allan2
1435,RaviYadav02
1436,DadMouth82
1437,jvitorlk
1438,Su-Tcode
1439,andrefmmartins
1440,gitteedara
1441,iam-back
1442,Ananya2311
1443,MaxwellNi
1444,eloidieme
1445,winfredbo
1446,DeclanGH
1447,xcrar
1448,Sheepdog2022
1449,TechAbraao
1450,Salvapazzo86
1451,Mohamed988o
1452,jessepeq23
1453,htiennv
1454,Shashank1407
1455,AngelCen14
1456,rsmaayon
1457,jouaraujo
1458,ali-fraz
1459,sbaws
1460,rany01
1461,Anis-Web
1462,Ig0rFA
1463,Som-III
1464,mparameshkumar
1465,wshanleee
1466,ansh2903
1467,konpap-chan
1468,LuizGup
1469,sudoblanc
1470,Arun-gox
1471,DominikWunderlich
1472,amitsingh2022
1473,bonnysi76
1474,misaelsp
1475,developer1618
1476,JaafarLezzaik
1477,AliHossam98
1478,Renpeng01
1479,shanechioa
1480,LekshmiPrakashhh
1481,pchalise7
1482,Eleutber
1483,Valliebby
1484,camilasoares045
1485,poemww
1486,Sray47
1487,Johnvesslyalti
1488,Alexdon1988
1489,jinholee-lab
1490,aminbiography
1491,Svetozara3363
1492,alejandro-requena-cervera
1493,MarcelloCordal
1494,github-world192
1495,rajeshkanugu
1496,sivalaxman07
1497,Chetan-Patil-52
1498,pookiecookiee
1499,raphaelguardiano
1500,choiruddine
1501,Nithin-singiri
1502,adiibnuajat
1503,mahathibodela
1504,krishnagptamcs
1505,yanwei257
1506,sergiojfsunior
1507,Mjawadasad
1508,GiuLOCX
1509,L-Alexandre
1510,Sebastiaanel
1511,me-Shahriyar
1512,firefitdesgns
1513,eladhon
1514,themrhoffmann
1515,mgrundwuermer
1516,ryanAMZN
1517,Philipabao
1518,bnmbz
1519,Chadkendu
1520,Olaffson
1521,Hamza-H10
1522,Serenitychic
1523,FranPiBe
1524,karthik121222
1525,AbhisekWebDev
1526,timboslice832
1527,braedonbillingsley
1528,gilleswb
1529,Naruto-79
1530,aostar168
1531,shivam-tadas
1532,tinajiang26
1533,marcosdataleal
1534,Rhettliu66
1535,nandarshan
1536,HappyMicky0317
1537,Andrei-Boghiu
1538,martinOofay2023
1539,josielabreu
1540,Wuzoobia
1541,VISHALVARUN011002
1542,ColdCodedotso
1543,19raulruiz68
1544,zaim03767
1545,Nanigullipalli
1546,imishangrover
1547,wiscdn
1548,ortanaV2
1549,sks972
1550,TheReDNooB
1551,benthvmas
1552,omarhabd
1553,Kayra-Baran
1554,purushoth2603
1555,ywangire
1556,ZenShuHara
1557,chende1121
1558,RamiroBalbo
1559,TF-185
1560,mdadnankh
1561,VidhiS07
1562,AleMartins2023
1563,JCOOPER5646
1564,danylo-miranda
1565,SangaoWe
1566,Maycon-dSilva
1567,viktorhuszag
1568,imanol-2021-12
1569,andregustavoaguiar
1570,aws-apradana
1571,choimikey
1572,nazidul
1573,yudai-shibuya
1574,datamoro
1575,KAEWPRASITKRAN
1576,Maycon-Melo
1577,lanjua5899
1578,TheWitchySarz
1579,JStk-Dev
1580,notjustjoshin
1581,niveshatom11
1582,MaximilianBuchwald
1583,amenihong
1584,MT-Designs
1585,ben9672
1586,YuvalYanay
1587,aristo-alex-develops
1588,Abeldsonndiku
1589,WIN1NG22
1590,GauravDevOps711
1591,BogdanKlimov11
1592,S-PScripts
1593,thiagomorais87
1594,gitgptmin1973
1595,PatientProblemSolver
1596,jiang3d
1597,the-new-fifty-two
1598,DavideSchirru17
1599,RajVishal7
1600,CameronScarpati
1601,thinkerZz
1602,Toony-mahmoud-saad
1603,joaovgcoelho
1604,V-AI-ML-DL-DS-PL-PYTHON-JAVA-GO-2023-0
1605,tree-shrew
1606,Amisha-verma2907
1607,ocupadaparavc
1608,nogueiralf
1609,zactseng
1610,ricberht
1611,ChamelePhantom
1612,abolfazlhajjar
1613,Tariq-Anjum
1614,vedamjamz
1615,adminjd
1616,amandageovanna
1617,collinfung
1618,justzh
1619,Untilme
1620,Mrisuk
1621,Zzzyyy2023
1622,ManishaBathini
1623,Chrishargrove58
1624,Kikikickss
1625,luneto10
1626,538mansi
1627,Chris255202
1628,INGVARtattoodjnWEBdev
1629,PPCXZ
1630,arjun-ghose
1631,cvs0
1632,ZumaGr
1633,moistgooseberry
1634,worriedape
1635,iwauta049
1636,NikunjWorkDo
1637,rshuba4
1638,sairavi5887
1639,ravigiri91
1640,dminduca
1641,nareshns2004
1642,Euviniciuscouto
1643,LEO-Bloody-Sweet
1644,ThokozaniMntambo
1645,vx-vijay
1646,Sofyaolvs
1647,Valoron
1648,acya-amazon
1649,kidu-s
1650,unstatistical
1651,GiorgioAntonelli94
1652,niroshinimurugadas
1653,chrixcrusher
1654,harishravi131
1655,wishspotting
1656,harishravi141
1657,harishravi151
1658,luisdavidpaz
1659,nfrwt
1660,JustSouichi
1661,suncoastcloud
1662,Nikhildsaroj
1663,Pranavprasadsinghs
1664,augustomangini
1665,CS-Explorer
1666,miguelkuter
1667,JeromeyDynamics
1668,Pymster
1669,Sethfire2
1670,sfc-gh-cmilton
1671,hightech3
1672,Guilhermedev9
1673,SavetoAI
1674,pawvan
1675,the3letterscompany
1676,unitop010
1677,ANVESHBV
1678,tufanbil
1679,iamakachili
1680,arturogaitatzis
1681,Morkonian9
1682,beverlymallen
1683,NikolaiYYDS
1684,lucasm-paixao
1685,y-hbb
1686,HkDotPY
1687,Bishal-11
1688,yashprogrammers
1689,goeo1066
1690,GitHub7667
1691,RaphaelCaamano
1692,cstiago
1693,SnorlaxCansado
1694,rahulnuvo
1695,natamartinscodedev
1696,abhisekde96
1697,applications-engineering
1698,arch1024
1699,remotemommy
1700,Sameerkhansabri
1701,SA-Official
1702,XQH139
1703,Disnord
1704,AbdullahKhalide
1705,theHeadlessGrapes
1706,3d01
1707,priyanshu052004
1708,RuanGaldino
1709,FlipGeorgios
1710,mohamedahmedch
1711,negoceio
1712,AmirSheikhmagomedov
1713,anthonybiondojr
1714,zhuofuAMZ
1715,caimindy
1716,Dereck234
1717,WorananH
1718,CauaFChristoni
1719,SushilkumarDev
1720,valuezon-team
1721,imanojchandra
1722,nihanth1234
1723,rsmelonw
1724,DarkCodeStudios
1725,the-vishh
1726,Rumie01
1727,Atnatewoss
1728,nickdengamazon
1729,jaiprakashbhola
1730,fbrunamiranda
1731,iirachet
1732,chuqiang188
1733,Ian2027
1734,J4R3D5
1735,firascoding
1736,sourenroy
1737,MominIshaque
1738,kavin-raja-d
1739,kyawtiz
1740,arihitaD
1741,Michael-MT-T
1742,SkyeCai0608
1743,GeekAmir
1744,7IAM7
1745,bbg-it
1746,thankful-kitt
1747,PauloDevelop01
1748,tpna
1749,ShinyaOkayama
1750,NmtDlrCkn
1751,AbolfazlPoornaderiyan
1752,migueelss
1753,harish-zuper
1754,bear-dotcom
1755,Robertrabbit0802
1756,godkerbi
1757,Administrator33
1758,DennisEms
1759,jcjiacheng
1760,omarmoashraf
1761,mohammadmehrani83
1762,Sr-Serda
1763,EsadCakinPD
1764,K437-max
1765,Jayveer-Singh0017
1766,Scutua
1767,Yasaswini-Yasaswini
1768,github-audiyang
1769,mikey-sys
1770,Tejas7k
1771,Pascal-Felis
1772,HiagoPetry
1773,Hitalo-Uzan
1774,mariipaiva
1775,Eduardo7coelho
1776,crypto820
1777,fbaravalle-arit
1778,Himmu-52
1779,ezatk
1780,jvieira209
1781,20240906book
1782,zeroone98
1783,455272
1784,kalgiswar
1785,sapiendummy
1786,Johnny5x5
1787,ahcetse
1788,Sonne40
1789,sriishtyb
1790,micwilsoneng
1791,anup-aws
1792,3r3m1t3
1793,Aryukt
1794,ikomers-dev
1795,recconect-max
1796,80968133
1797,felixword
1798,Fritz8887
1799,jeyaganeshan-dev
1800,Len1na
1801,saqib-76340
1802,Larasho6
1803,Sahiscs8
1804,hironb
1805,Riseandenjoy77
1806,malisohail72
1807,Destr0rso
1808,noideawhatimdoing-llm
1809,sivaduraiAmz
1810,renatzef
1811,Yezbyte
1812,PatrickCarvalho7
1813,yzw2024
1814,lbulhoess
1815,hatimharrati
1816,murtinonline
